Edad;SensacionDeDepresion;SensacionDeFracaso;PensamientosSuicidas
10;5;4;1
13;4;5;1
13;3;5;5
14;4;5;1
14;4;4;4
14;5;5;5
15;5;5;5
15;5;5;5
15;3;3;2
15;5;1;5
15;3;5;4
15;4;4;4
15;4;5;4
15;4;5;2
15;5;5;1
15;4;5;4
16;5;5;5
16;3;2;3
16;2;3;3
16;2;5;2
16;3;1;1
16;5;5;5
16;4;5;5
16;5;5;5
16;5;4;4
16;5;5;4
16;1;1;1
16;5;5;5
16;5;5;5
16;5;5;5
16;5;5;4
16;4;5;1
16;5;5;5
16;4;5;3
16;2;4;2
16;5;5;5
16;5;5;1
16;5;4;5
16;1;1;1
16;1;1;1
16;3;3;2
16;5;5;3
16;5;4;5
16;4;4;4
16;5;5;5
17;3;3;2
17;2;3;1
17;3;3;2
17;1;1;1
17;5;5;5
17;3;4;2
17;3;4;2
17;5;5;1
17;2;3;3
17;5;5;5
17;4;5;4
17;5;5;5
17;3;4;3
17;5;2;3
17;4;5;5
17;5;4;2
17;5;4;4
17;3;5;1
17;4;4;2
17;5;1;3
17;4;4;3
17;5;5;5
17;4;4;5
17;1;3;2
17;1;3;2
17;1;3;1
17;5;5;5
17;4;2;1
17;1;3;1
17;3;2;1
17;5;4;1
17;5;5;1
17;5;5;4
17;3;4;4
17;3;5;4
17;1;1;1
17;2;2;1
17;4;4;3
17;5;5;5
17;5;2;1
17;5;4;1
17;4;5;3
17;5;5;3
17;2;2;1
17;2;1;1
17;5;4;4
17;2;5;1
17;5;5;2
17;2;1;1
17;4;3;2
17;2;2;3
17;3;4;3
17;4;5;1
17;5;5;5
17;3;3;2
17;5;5;4
17;2;3;4
17;5;5;5
17;5;5;3
17;5;5;3
17;3;1;1
18;2;2;3
18;2;1;1
18;4;1;1
18;1;1;1
18;5;5;5
18;2;1;1
18;1;1;1
18;5;5;5
18;4;1;1
18;1;1;1
18;1;4;1
18;3;3;3
18;2;3;1
18;1;3;1
18;3;5;4
18;3;3;1
18;5;5;4
18;4;5;3
18;2;1;1
18;5;5;5
18;1;2;1
18;4;1;1
18;5;2;5
18;2;1;1
18;3;4;1
18;2;2;1
18;5;2;1
18;4;5;5
18;4;2;1
18;5;5;5
18;4;1;5
18;3;4;2
18;3;5;5
18;3;3;2
18;4;5;1
18;5;5;2
18;2;5;2
18;2;1;1
18;5;5;5
18;1;2;1
18;2;1;1
18;2;1;1
18;5;5;4
18;5;5;3
18;5;4;4
18;5;2;5
18;4;2;2
18;1;1;1
18;5;5;2
18;5;5;5
18;4;4;4
18;3;5;1
18;3;5;1
18;5;3;2
18;5;5;1
18;4;5;1
18;5;5;5
18;5;5;5
18;1;3;1
18;5;5;4
18;5;5;1
18;1;2;1
18;1;2;1
18;4;5;4
18;5;4;4
18;1;3;1
18;2;2;1
18;4;3;1
18;1;4;1
18;5;4;4
18;4;2;2
18;4;2;1
18;2;3;2
18;5;3;1
18;5;3;2
18;5;5;5
18;5;5;5
18;5;4;2
18;3;4;2
18;3;3;1
18;4;1;1
18;5;5;2
18;2;3;1
18;3;5;5
18;2;3;5
18;3;1;1
18;2;4;1
18;5;5;5
18;1;1;1
18;1;1;1
18;5;5;5
18;2;3;1
18;3;4;3
18;1;5;2
18;1;3;1
18;4;1;3
18;3;5;1
18;1;1;1
18;5;5;5
18;5;5;5
18;5;5;4
18;1;1;1
18;5;5;3
18;3;1;1
18;2;2;1
18;3;1;2
18;5;2;2
18;3;3;1
18;5;5;5
18;1;1;1
18;5;1;1
18;5;5;3
18;4;1;1
18;5;5;2
18;5;5;5
18;5;5;5
18;4;5;2
18;5;4;3
18;5;5;1
18;4;1;1
18;1;1;1
18;5;5;5
18;4;3;2
18;1;2;2
18;3;2;1
18;4;4;4
18;5;5;5
18;5;5;5
18;2;3;1
18;4;4;4
18;5;1;3
18;5;1;5
18;2;3;3
18;3;3;1
18;4;5;1
18;3;5;3
18;5;3;4
18;3;2;1
18;5;5;3
18;1;1;1
18;3;1;1
18;4;4;5
18;2;3;3
18;5;5;5
18;5;5;1
18;4;5;3
18;5;5;5
18;5;5;5
18;4;2;2
18;5;5;1
18;4;5;5
18;2;3;2
18;3;5;1
18;5;5;3
18;5;1;2
18;5;3;1
18;4;2;3
18;5;4;3
18;5;4;3
18;5;4;3
18;4;3;4
18;4;5;5
18;5;5;5
18;4;3;4
18;4;3;4
18;5;4;1
18;4;5;1
18;5;5;2
18;4;3;2
18;1;1;1
18;2;1;1
18;5;4;2
18;3;5;1
18;5;5;5
18;5;5;5
18;3;1;1
18;3;1;1
18;2;5;3
18;3;5;5
18;3;4;3
18;5;4;2
18;3;3;2
18;5;5;5
18;2;4;2
18;3;4;1
18;5;4;1
18;3;2;1
18;5;2;1
18;5;5;5
18;5;5;5
18;5;5;5
18;4;5;3
18;4;4;2
18;5;5;5
18;5;5;5
18;5;5;5
18;5;5;5
18;2;1;1
18;3;3;1
18;5;5;5
18;2;1;2
18;5;5;1
18;5;5;5
18;5;1;5
18;5;5;5
18;5;5;2
18;5;5;5
18;5;1;3
18;1;1;1
18;5;2;2
18;5;5;5
18;5;5;2
18;5;1;1
18;5;5;5
18;3;4;1
18;3;4;3
18;5;5;5
18;5;5;5
18;2;4;1
18;2;2;1
18;2;3;3
18;3;4;4
18;5;5;3
18;5;5;5
18;4;5;5
18;3;5;5
18;2;1;1
18;3;1;1
18;3;4;5
18;4;3;2
18;1;2;1
18;5;4;5
18;5;3;1
18;5;5;5
18;4;5;5
18;1;1;1
18;3;2;4
18;5;4;5
18;4;3;2
18;4;3;2
18;5;3;1
18;5;5;3
18;4;4;1
18;5;4;4
18;2;5;3
18;5;3;5
18;5;4;5
18;5;5;5
18;4;5;5
18;5;4;1
18;4;4;5
18;3;2;1
18;5;5;3
19;5;5;5
19;2;2;2
19;1;2;1
19;1;2;2
19;5;5;5
19;5;3;4
19;2;1;2
19;4;5;5
19;5;2;2
19;4;4;4
19;2;2;1
19;4;4;3
19;5;4;4
19;5;5;5
19;4;3;1
19;5;5;1
19;4;3;3
19;5;5;1
19;5;4;5
19;2;5;5
19;5;5;5
19;3;5;2
19;2;1;1
19;5;5;3
19;5;3;2
19;5;5;1
19;4;5;4
19;4;2;1
19;5;5;5
19;1;1;1
19;4;3;1
19;5;5;4
19;4;5;5
19;3;5;1
19;5;1;3
19;4;4;2
19;4;3;3
19;3;5;1
19;4;3;1
19;1;2;1
19;2;1;1
19;5;5;5
19;4;2;1
19;5;5;5
19;5;5;3
19;5;5;5
19;1;3;1
19;4;5;5
19;3;3;3
19;3;4;5
19;5;4;5
19;5;5;5
19;5;5;5
19;4;2;1
19;1;1;2
19;1;1;1
19;1;4;1
19;2;5;3
19;3;3;2
19;5;5;5
19;4;5;1
19;5;5;5
19;5;4;3
19;5;5;3
19;5;5;5
19;3;1;1
19;4;2;1
19;5;5;5
19;2;5;1
19;5;3;1
19;4;3;2
19;5;5;1
19;5;5;5
19;3;5;1
19;5;5;5
19;5;5;5
19;4;4;5
19;2;2;2
19;5;5;3
19;2;3;1
19;5;5;3
19;1;1;1
19;1;2;1
19;1;1;1
19;5;4;5
19;5;5;4
19;4;5;4
19;2;3;1
19;5;5;5
19;1;4;1
19;4;3;1
19;3;5;4
19;2;1;1
19;2;3;2
19;2;2;3
19;4;5;4
19;5;3;5
19;5;4;1
19;5;4;1
19;3;2;1
19;3;4;4
19;5;1;5
19;4;2;1
19;2;5;1
19;4;3;4
19;5;5;5
19;2;3;1
19;2;4;1
19;4;5;2
19;2;1;1
19;5;5;3
19;1;4;1
19;4;4;1
19;3;4;1
19;4;4;1
19;5;5;5
19;4;3;1
19;2;4;4
19;5;5;5
19;4;4;1
19;5;5;1
19;5;4;1
19;1;1;1
19;2;4;2
19;3;1;3
19;4;4;1
19;2;2;1
19;5;5;5
19;3;3;2
19;1;2;1
19;3;5;1
19;3;4;1
19;3;2;1
19;3;3;1
19;2;5;1
19;5;3;5
19;5;5;4
19;1;1;1
19;2;3;1
19;5;5;5
19;1;1;1
19;4;3;2
19;3;1;1
19;3;5;2
19;4;5;2
19;3;3;3
19;2;1;5
19;5;4;5
19;1;1;1
19;5;5;5
19;3;1;1
19;3;2;1
19;5;5;5
19;5;3;5
19;5;5;5
19;3;3;2
19;5;4;3
19;5;5;5
19;2;3;3
19;1;4;2
19;5;5;4
19;1;1;1
19;2;2;1
19;5;3;5
19;4;5;3
19;2;1;2
19;4;3;1
19;4;2;1
19;2;1;1
19;2;2;1
19;5;3;1
19;5;5;3
19;3;2;3
19;4;1;3
19;5;5;3
19;3;5;1
19;3;3;1
19;4;4;3
19;3;4;3
19;2;1;1
19;3;2;3
19;3;5;5
19;5;5;1
19;5;5;5
19;4;3;1
19;4;1;1
19;5;4;1
19;5;5;5
19;4;2;1
19;5;5;5
19;5;4;1
19;1;2;4
19;5;5;2
19;1;1;1
19;3;2;1
19;3;3;1
19;5;2;1
19;2;5;5
19;5;5;3
19;1;1;1
19;5;5;3
19;5;5;1
19;5;4;5
19;3;1;1
19;5;5;1
19;4;5;1
19;5;5;3
19;5;5;5
19;1;1;2
19;1;4;2
19;2;2;1
19;5;5;4
19;2;4;2
19;1;1;1
19;4;4;3
19;4;5;5
19;2;1;1
19;4;4;4
19;3;2;3
19;1;1;1
19;5;5;3
19;5;4;5
19;2;1;1
19;3;1;1
19;5;5;4
19;4;5;1
19;4;4;2
19;5;4;1
19;2;2;2
19;4;5;2
19;4;1;1
19;2;1;1
19;3;1;1
19;5;5;5
19;5;5;5
19;2;1;1
19;5;4;3
19;1;1;1
19;5;3;2
19;4;4;1
19;5;3;5
19;5;5;3
19;2;2;1
19;2;3;3
19;3;1;1
19;5;5;5
19;2;1;1
19;5;5;5
19;4;1;1
19;5;3;5
19;5;3;5
19;1;1;1
19;5;5;4
19;5;5;3
19;4;4;2
19;2;4;2
19;2;1;1
19;5;5;5
19;5;5;4
19;5;3;5
19;2;2;3
19;3;2;2
19;4;5;4
19;5;5;5
19;4;3;3
19;4;5;1
19;4;5;3
19;5;4;5
19;5;5;4
19;5;5;5
19;3;2;1
19;3;1;1
19;4;2;1
19;5;5;3
19;4;5;2
19;5;5;5
19;4;2;1
19;3;1;1
19;5;5;5
19;5;5;5
19;4;3;2
19;1;3;1
19;5;5;1
19;2;5;4
19;4;4;1
19;3;2;1
19;5;4;2
19;5;5;5
19;5;5;5
19;3;2;2
19;4;4;4
19;1;1;1
19;2;4;1
19;1;1;1
19;4;5;3
19;3;4;3
19;5;5;3
19;2;1;1
19;5;5;5
19;3;1;1
19;5;5;2
19;1;1;1
19;5;5;1
19;5;5;5
19;2;2;2
19;5;5;5
19;5;3;2
19;4;5;5
19;4;2;3
19;5;5;5
19;1;4;1
19;2;1;1
19;5;5;2
19;5;3;1
19;2;2;1
19;5;5;3
19;2;4;2
19;5;5;5
19;4;3;1
19;4;5;3
19;4;3;4
19;1;3;1
19;3;5;1
19;5;5;1
19;3;4;1
19;3;2;2
19;1;3;1
19;3;2;1
19;4;5;5
19;3;1;1
19;5;5;2
19;3;3;3
19;2;1;1
19;2;1;1
19;4;2;5
19;2;4;1
19;1;2;1
19;5;5;4
19;4;4;3
19;1;2;2
19;5;5;5
19;4;2;1
19;5;5;3
19;1;5;1
19;4;1;1
19;5;3;3
19;3;1;1
19;3;1;4
19;4;5;4
19;4;2;4
19;5;5;5
19;5;5;5
19;5;5;1
19;5;5;5
19;5;1;2
19;1;1;1
19;5;5;2
19;3;5;1
19;3;5;2
19;5;5;5
19;3;2;1
19;3;1;1
19;4;2;1
19;5;5;5
19;1;3;1
19;5;3;2
19;2;2;2
19;1;3;4
19;3;2;1
19;4;2;3
19;4;5;5
19;2;2;2
19;5;3;2
19;3;4;2
19;4;4;4
19;4;1;3
19;5;2;5
19;3;4;1
19;1;1;1
19;1;1;1
19;5;2;2
19;2;2;1
19;5;4;5
19;4;4;3
19;5;3;4
19;5;3;1
19;5;5;2
19;5;1;1
19;5;5;3
19;5;5;5
19;3;3;1
19;5;4;4
19;1;1;1
19;2;3;1
19;1;1;1
19;5;4;2
19;2;2;1
19;2;2;1
20;5;5;4
20;3;5;1
20;3;3;1
20;3;3;1
20;4;3;3
20;5;5;1
20;3;1;1
20;5;5;1
20;5;5;3
20;5;2;2
20;4;2;1
20;3;5;3
20;4;5;4
20;3;3;4
20;2;1;1
20;5;5;2
20;5;5;5
20;5;5;5
20;5;5;5
20;4;4;5
20;4;2;2
20;1;1;1
20;5;2;1
20;1;4;1
20;2;2;1
20;4;2;5
20;1;5;5
20;3;5;3
20;5;5;3
20;3;3;1
20;3;2;1
20;5;3;5
20;4;4;1
20;1;1;1
20;5;5;5
20;5;3;1
20;3;3;2
20;1;1;1
20;3;5;4
20;5;4;5
20;3;5;3
20;1;2;1
20;5;1;1
20;1;1;1
20;5;4;3
20;4;3;5
20;5;5;5
20;1;4;1
20;3;4;3
20;2;1;1
20;1;5;1
20;4;5;2
20;5;5;5
20;5;4;3
20;2;1;1
20;5;1;1
20;2;5;4
20;3;3;4
20;5;5;5
20;4;5;4
20;5;4;3
20;2;1;1
20;2;2;1
20;4;4;3
20;5;5;5
20;1;3;1
20;5;5;5
20;4;5;5
20;5;5;3
20;4;5;1
20;5;5;5
20;5;5;5
20;5;4;5
20;2;2;1
20;5;2;1
20;3;3;1
20;5;4;4
20;2;5;3
20;1;3;1
20;5;4;1
20;2;1;1
20;4;3;3
20;1;2;1
20;1;1;1
20;4;5;5
20;3;5;5
20;1;1;2
20;2;3;1
20;5;5;4
20;5;3;2
20;1;1;1
20;4;5;5
20;5;5;2
20;2;1;1
20;2;2;1
20;2;4;2
20;3;3;1
20;2;2;1
20;3;3;1
20;3;4;1
20;3;2;1
20;2;1;1
20;1;3;1
20;1;1;1
20;2;1;1
20;3;4;3
20;5;3;4
20;5;5;4
20;2;2;3
20;5;4;1
20;5;5;4
20;5;5;4
20;5;5;5
20;5;5;4
20;2;3;4
20;1;1;2
20;3;1;1
20;2;2;1
20;1;1;1
20;4;4;1
20;2;5;1
20;4;5;2
20;4;4;4
20;2;3;1
20;5;5;3
20;5;5;3
20;2;5;5
20;4;5;1
20;5;5;4
20;5;4;1
20;2;1;1
20;2;3;1
20;3;4;5
20;5;5;5
20;5;5;5
20;5;5;4
20;4;5;5
20;4;1;1
20;4;3;1
20;3;4;4
20;2;3;3
20;3;1;1
20;3;1;1
20;1;1;1
20;1;1;1
20;5;5;5
20;3;3;2
20;4;5;1
20;3;1;3
20;5;4;3
20;5;5;5
20;5;5;5
20;3;5;4
20;1;5;1
20;4;4;3
20;4;4;1
20;5;5;3
20;5;5;4
20;1;1;1
20;5;4;3
20;5;3;5
20;3;1;1
20;5;5;5
20;5;5;4
20;2;2;1
20;2;2;2
20;1;1;2
20;2;3;2
20;2;1;1
20;3;4;5
20;3;4;1
20;2;1;1
20;3;4;1
20;5;3;3
20;5;1;4
20;2;3;1
20;3;2;3
20;5;5;1
20;4;2;1
20;5;4;2
20;3;3;1
20;2;5;5
20;4;3;2
20;1;1;1
20;4;2;1
20;2;3;2
20;4;3;2
20;5;5;3
20;2;1;1
20;2;3;4
20;2;4;5
20;5;5;5
20;3;1;1
20;4;5;1
20;5;2;1
20;1;4;1
20;1;1;1
20;5;5;1
20;5;5;4
20;5;5;5
20;5;5;4
20;5;5;3
20;4;1;2
20;4;2;1
20;2;4;4
20;5;5;5
20;3;4;1
20;3;1;3
20;4;5;1
20;5;5;2
20;3;3;1
20;5;5;3
20;5;5;3
20;4;3;3
20;4;1;1
20;5;5;5
20;4;5;3
20;3;5;3
20;4;3;4
20;3;4;2
20;5;5;1
20;2;4;2
20;4;2;1
20;2;1;1
20;4;5;5
20;1;1;1
20;5;5;4
20;2;1;1
20;2;4;2
20;4;2;1
20;3;1;1
20;5;4;5
20;4;2;1
20;1;2;1
20;4;2;3
20;4;2;2
20;3;3;1
20;2;1;1
20;5;5;5
20;5;5;5
20;4;5;5
20;5;5;1
20;3;5;5
20;4;5;4
20;5;5;5
20;5;5;4
20;4;5;3
20;3;4;3
20;1;3;1
20;5;4;5
20;1;1;1
20;5;5;4
20;3;2;2
20;1;4;2
20;2;1;1
20;3;3;3
20;5;4;5
20;5;5;1
20;1;1;1
20;2;3;1
20;1;1;1
20;3;4;2
20;3;3;2
20;5;5;5
20;4;5;3
20;5;5;5
20;5;5;5
20;3;2;1
20;3;2;4
20;5;5;5
20;5;3;2
20;2;2;1
20;5;5;2
20;5;5;5
20;4;3;1
20;5;5;5
20;4;3;1
20;5;2;2
20;5;5;5
20;5;5;2
20;1;3;1
20;2;3;1
20;1;2;1
20;5;5;3
20;2;4;1
20;4;2;5
20;5;5;5
20;5;5;1
20;3;5;3
20;5;1;1
20;3;5;1
20;1;1;1
20;5;5;4
20;2;4;5
20;4;3;4
20;5;4;4
20;3;4;2
20;5;5;5
20;2;1;2
20;5;5;4
20;5;5;5
20;1;1;1
20;5;1;1
20;5;5;5
20;3;4;1
20;5;4;1
20;1;2;1
20;4;4;1
20;2;1;1
20;4;4;5
20;5;5;5
20;4;2;2
20;5;3;2
20;2;2;2
20;5;5;5
20;5;5;1
20;3;3;1
20;5;5;4
20;4;5;5
20;1;5;1
20;3;5;3
20;2;4;2
20;2;3;2
20;3;1;1
20;1;1;1
20;4;4;2
20;5;4;5
20;3;2;5
20;3;1;1
20;4;2;1
20;1;1;1
20;4;5;4
20;3;1;3
20;5;5;5
20;5;3;2
20;4;3;2
20;3;1;1
20;2;5;1
20;3;4;1
20;2;1;1
20;5;5;5
20;4;5;4
20;3;5;1
20;5;3;5
20;5;1;3
20;5;5;2
20;4;4;1
20;5;4;3
20;5;5;5
20;1;1;3
20;5;5;5
20;3;1;1
20;5;5;5
20;1;1;1
20;4;5;4
20;5;5;5
20;3;1;1
20;4;5;3
20;3;4;1
20;3;4;1
20;3;3;2
20;5;5;5
20;1;1;1
20;3;4;1
20;1;1;1
20;1;2;1
20;2;2;1
20;4;3;1
20;3;5;4
20;5;5;5
20;2;2;1
20;3;2;1
20;5;5;4
20;5;5;4
20;2;2;1
20;1;3;4
20;4;3;3
20;5;5;4
20;5;5;5
20;4;1;1
20;5;3;3
20;5;5;2
20;1;5;1
20;1;2;1
20;3;2;3
20;3;1;1
20;4;1;3
20;3;2;1
20;1;1;1
20;4;3;1
20;5;5;2
20;5;5;1
20;5;5;4
20;4;5;4
20;1;1;1
20;5;5;5
20;4;5;5
20;5;5;5
20;1;5;1
20;5;1;1
20;2;3;1
20;1;2;1
20;4;3;1
20;3;3;3
20;5;4;1
20;5;5;5
20;5;3;1
20;5;5;5
20;5;5;5
20;1;1;1
20;1;1;1
20;5;5;5
20;4;5;2
20;3;1;1
20;5;5;1
20;5;5;3
20;3;5;1
20;4;2;1
20;4;5;5
20;2;1;1
20;5;5;5
20;5;5;3
20;5;3;1
20;2;3;1
20;4;5;5
20;3;3;1
20;3;2;3
20;5;5;1
20;3;2;1
20;5;5;3
20;2;1;1
20;2;3;1
20;5;5;4
20;2;4;1
20;1;1;1
20;1;5;5
20;3;1;1
20;5;5;5
20;2;1;1
20;1;1;4
20;3;1;1
20;2;1;1
20;3;4;1
20;5;5;5
20;3;4;1
20;5;5;2
20;4;5;5
20;1;2;1
20;5;1;2
20;5;5;4
20;2;4;1
20;5;3;3
20;3;4;2
20;3;4;2
20;4;1;3
20;5;5;5
20;5;5;5
20;4;4;2
20;1;2;1
20;4;2;5
20;5;5;3
20;5;5;3
20;4;4;2
20;3;3;3
20;4;1;1
20;5;5;3
20;5;5;2
21;1;1;1
21;5;5;5
21;5;3;1
21;4;4;1
21;4;2;5
21;2;5;4
21;2;5;4
21;2;3;2
21;4;2;2
21;5;5;5
21;4;3;4
21;5;5;5
21;2;1;1
21;5;1;1
21;4;1;1
21;3;5;4
21;4;5;1
21;1;3;1
21;5;1;1
21;3;5;5
21;4;5;5
21;2;2;1
21;5;5;5
21;2;1;1
21;2;4;2
21;5;5;3
21;1;1;1
21;1;1;1
21;2;3;1
21;5;5;1
21;3;4;1
21;4;1;1
21;5;5;5
21;5;5;3
21;4;5;5
21;3;1;1
21;2;3;1
21;4;4;4
21;5;5;5
21;4;3;3
21;5;5;1
21;4;2;1
21;4;5;2
21;2;2;1
21;3;4;1
21;1;4;1
21;5;5;3
21;3;3;2
21;1;3;1
21;5;5;5
21;2;3;5
21;3;1;1
21;5;5;5
21;4;3;1
21;4;5;5
21;1;1;1
21;5;5;5
21;5;3;1
21;5;5;5
21;4;5;5
21;3;5;3
21;1;3;1
21;2;5;1
21;3;3;1
21;3;1;1
21;5;5;5
21;5;5;5
21;1;2;1
21;2;1;1
21;1;1;1
21;1;1;1
21;3;1;1
21;5;5;1
21;3;4;3
21;5;5;1
21;4;5;1
21;5;3;3
21;2;2;1
21;5;5;2
21;5;4;2
21;4;5;5
21;1;3;1
21;5;5;5
21;5;5;5
21;5;5;3
21;3;4;4
21;5;5;3
21;5;5;1
21;5;2;2
21;5;5;1
21;3;3;1
21;2;1;1
21;4;1;1
21;4;4;2
21;1;1;2
21;1;2;1
21;2;1;2
21;5;5;3
21;5;5;5
21;3;5;5
21;4;3;3
21;5;5;5
21;1;2;1
21;4;4;2
21;3;3;3
21;5;4;1
21;4;4;1
21;4;1;1
21;4;3;3
21;3;3;5
21;4;5;1
21;5;4;3
21;1;1;1
21;2;3;2
21;2;5;4
21;4;2;1
21;3;5;2
21;1;2;2
21;1;3;3
21;4;4;3
21;4;4;3
21;5;4;3
21;1;1;1
21;5;5;2
21;5;4;4
21;2;1;1
21;3;1;2
21;5;5;4
21;3;3;1
21;2;1;1
21;5;5;4
21;3;2;1
21;4;2;1
21;5;5;5
21;4;1;1
21;5;5;5
21;4;5;3
21;5;3;5
21;5;2;5
21;2;3;2
21;5;4;3
21;2;1;1
21;5;5;5
21;2;4;1
21;5;4;1
21;2;3;1
21;5;1;5
21;4;4;1
21;3;2;3
21;2;1;1
21;2;2;2
21;4;5;1
21;2;2;1
21;3;5;4
21;2;2;1
21;2;3;1
21;2;1;1
21;5;5;5
21;1;1;1
21;5;5;5
21;5;5;5
21;2;1;1
21;3;5;3
21;3;4;1
21;5;5;3
21;1;1;1
21;5;5;4
21;4;5;3
21;1;5;1
21;1;1;1
21;4;1;4
21;3;3;1
21;2;4;2
21;4;4;4
21;3;2;1
21;4;5;3
21;3;3;1
21;4;2;1
21;2;1;1
21;5;5;5
21;1;3;1
21;5;3;3
21;5;5;1
21;4;4;3
21;3;4;1
21;5;5;4
21;4;3;5
21;1;1;1
21;2;1;2
21;4;5;3
21;1;1;1
21;3;4;3
21;4;2;5
21;4;4;1
21;3;1;3
21;4;2;1
21;3;4;1
21;3;1;1
21;2;2;1
21;1;2;1
21;4;3;1
21;3;5;4
21;3;4;1
21;2;1;1
21;3;4;1
21;5;5;5
21;5;5;4
21;5;5;1
21;2;1;1
21;4;2;2
21;1;1;1
21;1;2;3
21;1;2;3
21;4;5;3
21;4;4;2
21;5;1;1
21;4;5;5
21;5;5;5
21;5;5;5
21;1;1;1
21;1;1;1
21;5;4;5
21;3;4;3
21;1;2;1
21;4;3;4
21;5;5;1
21;5;2;1
21;3;1;5
21;1;2;1
21;4;3;1
21;1;1;1
21;5;2;2
21;4;2;2
21;5;5;5
21;5;5;4
21;5;5;5
21;2;3;1
21;3;4;3
21;5;4;5
21;3;4;1
21;5;5;5
21;4;1;1
21;5;3;1
21;1;1;1
21;3;5;1
21;5;5;2
21;5;5;4
21;4;5;4
21;5;5;5
21;3;2;1
21;5;4;4
21;4;4;1
21;5;5;4
21;3;1;1
21;2;1;1
21;3;4;1
21;4;3;3
21;5;3;3
21;1;2;1
21;5;4;1
21;2;1;1
21;4;3;3
21;5;2;5
21;3;3;1
21;3;3;1
21;4;5;4
21;1;1;1
21;5;4;4
21;4;5;5
21;3;2;3
21;1;1;1
21;2;1;1
21;4;3;3
21;4;3;1
21;5;5;4
21;3;1;1
21;1;1;1
21;1;1;1
21;5;5;5
21;5;1;1
21;4;4;1
21;5;5;5
21;2;2;1
21;5;5;3
21;3;2;1
21;5;5;3
21;3;1;1
21;2;1;1
21;4;3;2
21;5;5;4
21;4;5;5
21;4;4;2
21;3;1;1
21;4;2;1
21;5;5;5
21;4;1;1
21;5;5;5
21;3;3;1
21;5;3;1
21;1;1;1
21;1;1;1
21;3;3;1
21;3;1;1
21;3;3;2
21;5;5;5
21;4;3;1
21;5;4;3
21;3;2;1
21;5;3;1
21;5;5;3
21;5;2;1
21;2;1;1
21;3;3;4
21;5;5;5
21;5;5;5
21;1;1;1
21;2;2;1
21;4;4;1
21;4;5;4
21;4;4;1
21;4;5;5
21;1;1;1
21;5;5;5
21;5;5;5
21;4;5;1
21;1;1;1
21;2;2;1
21;1;1;1
21;3;4;3
21;3;3;1
21;5;5;5
21;4;3;1
21;5;5;5
21;3;1;1
21;2;1;1
21;1;1;1
21;5;5;5
21;5;5;1
21;5;5;4
21;5;5;5
21;3;4;2
21;1;1;1
21;3;4;4
21;3;1;1
21;2;1;1
21;2;2;4
21;4;1;1
21;3;3;4
21;2;1;2
21;5;4;1
21;5;5;5
21;5;5;2
21;5;4;2
21;5;5;3
21;4;5;5
21;5;5;5
21;4;3;1
21;1;2;1
21;3;5;1
21;4;5;1
21;5;2;1
21;5;3;1
21;4;3;5
21;5;5;1
21;5;5;5
21;5;5;1
21;4;5;5
21;4;5;3
21;5;5;5
21;2;3;3
21;2;4;1
21;1;2;1
21;2;4;1
21;1;1;1
21;5;5;2
21;5;5;1
21;5;5;5
21;3;4;2
21;4;5;4
21;2;2;1
21;4;1;1
21;5;1;1
21;4;3;3
21;2;3;5
21;5;2;1
21;3;2;1
21;4;4;5
21;5;5;2
21;5;5;4
21;3;4;2
21;5;5;5
21;3;1;2
21;5;5;5
21;4;5;1
21;4;4;2
21;1;3;1
21;4;4;3
21;5;5;5
21;4;5;1
21;5;5;5
21;4;4;1
21;3;5;4
21;4;5;1
21;1;3;1
21;5;2;5
21;1;1;1
21;1;1;1
21;3;1;1
21;4;5;5
21;4;5;1
21;2;2;1
21;5;5;3
21;3;5;5
21;5;5;5
21;5;5;5
21;5;5;4
21;1;2;1
21;1;4;1
21;5;2;1
21;1;1;1
21;2;5;1
21;2;3;2
21;3;5;2
21;2;1;1
21;3;3;2
21;5;5;4
21;4;2;1
21;5;5;5
21;2;3;4
21;1;5;4
21;4;4;1
21;1;3;1
21;3;5;1
21;5;5;5
21;3;5;2
21;3;5;2
21;5;5;1
21;3;1;1
21;1;1;1
21;5;5;5
21;3;1;3
21;5;2;1
21;1;1;1
21;1;1;1
21;1;3;1
21;1;2;1
21;4;4;5
21;4;5;2
21;2;4;3
21;5;5;3
21;2;2;1
21;5;5;5
21;5;5;5
21;3;5;3
21;1;1;1
21;5;5;1
21;5;5;5
21;5;4;1
21;3;3;1
21;3;5;5
21;3;5;1
21;1;1;1
21;4;2;3
21;1;1;1
21;5;5;3
21;5;5;5
21;2;4;2
21;5;5;5
21;2;1;3
21;4;4;1
21;4;4;5
21;5;4;5
21;5;5;5
21;3;3;1
21;4;5;1
21;3;2;1
21;1;1;1
21;5;5;5
21;2;1;1
21;2;2;1
21;3;5;4
21;5;5;5
21;5;5;3
21;5;5;5
21;2;5;2
21;5;5;5
21;3;4;1
21;5;5;1
21;3;5;5
21;4;3;2
22;1;1;1
22;5;5;5
22;1;1;1
22;2;1;1
22;4;4;3
22;5;5;3
22;4;5;1
22;2;5;1
22;5;5;5
22;4;4;1
22;3;4;3
22;4;4;3
22;2;1;1
22;5;5;4
22;3;3;5
22;4;4;3
22;5;5;5
22;5;5;5
22;4;4;2
22;3;5;4
22;5;5;3
22;1;1;1
22;3;2;1
22;5;4;3
22;4;5;3
22;4;4;4
22;5;5;5
22;5;5;5
22;1;5;1
22;1;1;1
22;4;4;3
22;3;5;5
22;4;3;1
22;4;1;1
22;5;4;5
22;5;5;5
22;3;4;1
22;3;4;4
22;4;4;1
22;5;2;4
22;2;2;1
22;2;3;3
22;3;1;4
22;4;4;2
22;4;4;1
22;4;3;3
22;5;5;4
22;2;4;5
22;5;4;2
22;3;2;2
22;1;3;3
22;3;3;1
22;4;3;3
22;4;3;2
22;4;5;1
22;5;4;1
22;2;1;1
22;2;1;1
22;1;1;1
22;5;3;1
22;3;1;1
22;1;1;1
22;4;5;5
22;4;4;1
22;5;5;3
22;5;5;5
22;3;3;4
22;4;2;1
22;1;2;1
22;5;5;5
22;2;1;2
22;3;3;1
22;5;5;5
22;5;5;4
22;5;5;5
22;4;1;1
22;5;5;5
22;5;2;3
22;2;4;1
22;3;1;2
22;2;1;1
22;3;5;1
22;2;3;1
22;4;5;2
22;5;5;5
22;5;5;5
22;4;1;1
22;5;5;5
22;5;3;1
22;1;1;1
22;3;5;2
22;4;5;4
22;2;1;1
22;4;5;2
22;4;2;1
22;4;3;1
22;4;5;5
22;5;4;1
22;4;5;5
22;5;3;4
22;2;4;1
22;4;4;3
22;1;1;1
22;5;3;1
22;3;3;3
22;3;1;3
22;3;4;5
22;5;5;5
22;1;1;1
22;2;3;1
22;5;3;5
22;4;5;2
22;4;2;1
22;2;2;2
22;1;2;1
22;1;1;1
22;5;5;3
22;4;4;3
22;5;5;5
22;4;5;5
22;4;2;1
22;3;2;4
22;1;4;1
22;4;3;1
22;5;5;5
22;5;5;5
22;4;4;1
22;4;4;3
22;3;3;1
22;4;4;2
22;1;1;1
22;1;1;1
22;3;3;1
22;3;5;1
22;5;5;4
22;3;5;1
22;1;1;1
22;5;5;1
22;4;5;4
22;4;3;1
22;3;3;5
22;2;1;2
22;1;1;1
22;5;1;1
22;5;5;4
22;4;3;1
22;3;4;2
22;1;4;1
22;5;5;4
22;3;4;1
22;5;5;5
22;5;5;5
22;3;5;1
22;4;5;2
22;5;3;3
22;1;1;2
22;2;1;1
22;5;5;5
22;1;1;1
22;2;2;1
22;1;2;1
22;5;5;4
22;3;1;2
22;5;5;5
22;4;2;1
22;2;2;1
22;5;5;1
22;2;1;1
22;4;2;1
22;1;2;1
22;5;5;5
22;2;2;1
22;5;5;5
22;1;1;1
22;3;3;3
22;5;5;5
22;5;4;3
22;4;5;3
22;5;5;1
22;4;5;1
22;5;5;5
22;2;1;1
22;1;1;1
22;2;2;3
22;5;4;5
22;3;3;1
22;3;4;1
22;3;2;1
22;4;1;1
22;1;1;1
22;1;1;1
22;3;3;1
22;5;2;3
22;2;1;1
22;2;1;1
22;2;5;3
22;4;4;2
22;2;1;1
22;5;5;5
22;2;2;2
22;1;3;1
22;1;3;1
22;1;1;2
22;4;3;5
22;3;4;3
22;5;5;5
22;2;2;1
22;5;5;3
22;4;5;5
22;5;4;1
22;2;1;1
22;3;4;2
22;4;4;1
22;4;1;1
22;2;4;1
22;5;5;4
22;3;2;2
22;3;4;1
22;5;5;4
22;3;2;1
22;3;5;1
22;3;5;3
22;4;4;4
22;3;2;4
22;5;1;4
22;3;1;1
22;3;5;4
22;4;5;5
22;4;4;1
22;1;2;1
22;1;2;1
22;4;4;1
22;5;3;3
22;5;3;3
22;3;3;2
22;5;4;5
22;2;1;1
22;5;5;4
22;5;5;5
22;5;5;2
22;5;3;3
22;3;3;1
22;5;3;5
22;5;1;1
22;4;5;2
22;5;5;5
22;1;3;1
22;4;1;1
22;5;5;5
22;4;4;3
22;5;5;5
22;2;3;1
22;2;3;1
22;1;2;2
22;3;3;1
22;4;2;1
22;5;3;1
22;4;5;2
22;3;5;5
22;5;5;5
22;5;5;5
22;2;1;1
22;5;4;4
22;1;1;2
22;4;5;5
22;5;3;4
22;4;2;1
22;2;3;3
22;2;3;1
22;1;1;1
22;1;1;1
22;4;3;1
22;3;3;1
22;4;3;2
22;5;5;4
22;5;4;1
22;3;4;1
22;4;5;4
22;5;5;3
22;5;5;2
22;4;4;3
22;1;1;1
22;5;4;2
22;5;5;4
22;5;5;4
22;5;3;1
22;4;5;5
22;3;2;1
22;4;1;3
22;5;4;1
22;2;3;2
22;4;2;2
22;5;3;1
22;5;4;2
22;4;3;1
22;3;5;5
22;2;1;1
22;3;5;3
22;4;1;1
22;1;1;1
22;5;4;3
22;4;2;2
22;3;2;2
22;5;5;5
22;3;2;1
22;1;3;1
22;1;2;1
22;4;4;2
22;4;5;4
22;5;5;1
22;3;1;1
22;5;5;5
22;4;5;4
22;3;2;1
22;4;3;2
22;5;3;1
22;5;5;2
22;2;4;2
22;4;4;4
22;4;5;2
22;4;4;2
22;3;4;2
22;5;5;5
22;5;3;5
22;3;4;1
22;5;4;2
22;4;5;4
22;1;1;1
22;5;4;3
22;2;3;1
22;3;5;2
22;3;4;1
22;3;5;4
22;2;1;1
22;3;1;1
22;4;5;3
22;5;5;5
22;3;4;1
22;4;2;1
22;1;1;1
22;3;3;1
22;1;2;1
22;5;3;1
22;4;5;3
22;5;5;5
22;1;2;1
22;2;2;2
22;5;5;5
22;2;1;1
22;2;1;1
22;5;5;5
22;5;4;5
22;5;3;5
22;5;5;5
22;5;5;3
22;1;1;2
22;3;3;1
22;1;1;1
22;4;4;1
22;1;1;1
22;5;5;1
22;3;1;1
22;5;5;4
22;1;1;1
22;5;5;5
22;1;3;1
22;5;5;5
22;2;1;1
22;1;2;1
22;5;5;5
22;5;5;4
22;1;2;1
22;5;2;1
22;5;5;4
22;4;2;3
22;4;1;1
22;5;5;5
22;3;4;4
22;4;1;1
22;4;3;1
22;5;4;2
22;3;1;3
22;1;2;1
22;5;5;1
22;2;4;1
22;5;5;5
22;5;3;1
22;5;5;5
22;2;1;1
22;5;3;5
22;5;5;2
22;4;4;1
22;3;2;1
22;5;3;1
22;5;5;5
22;1;1;1
22;5;5;1
22;4;4;1
22;4;5;5
22;2;3;1
22;4;4;3
22;2;1;1
22;5;5;5
22;5;5;1
22;3;4;1
22;3;5;1
22;5;5;3
22;4;4;1
22;3;1;1
22;1;1;1
22;5;5;4
22;4;4;3
22;2;1;1
22;4;1;1
22;4;4;3
22;5;1;3
22;4;2;3
22;4;1;1
22;5;3;1
22;2;1;1
22;5;5;3
22;4;3;3
22;5;1;1
22;5;1;3
22;5;5;1
22;5;5;1
22;2;1;1
22;2;1;1
22;4;2;1
22;2;1;1
22;5;4;1
22;3;3;2
22;5;5;3
22;3;3;1
22;2;3;2
22;5;5;3
22;1;3;2
22;2;5;2
22;2;4;1
22;1;1;1
22;3;4;1
22;4;2;1
22;5;5;4
22;5;5;3
22;3;4;1
22;4;4;1
22;5;5;5
22;4;4;1
22;5;5;5
22;3;3;1
22;3;4;1
22;3;4;1
22;2;1;1
22;4;5;1
22;5;5;5
22;5;5;2
22;5;5;5
22;4;4;4
22;4;5;4
23;3;3;4
23;5;4;1
23;5;5;5
23;3;3;2
23;5;4;3
23;2;5;1
23;1;1;1
23;5;5;5
23;5;3;3
23;4;4;1
23;4;2;1
23;3;5;3
23;3;3;3
23;2;1;1
23;4;4;2
23;5;1;1
23;4;5;5
23;2;1;1
23;3;3;3
23;2;1;1
23;4;3;1
23;1;1;1
23;4;3;1
23;2;2;1
23;3;2;1
23;4;5;3
23;2;2;1
23;5;5;5
23;2;2;1
23;5;5;5
23;1;1;1
23;2;2;2
23;5;5;5
23;3;5;4
23;2;1;1
23;2;3;2
23;4;1;1
23;5;5;5
23;4;1;1
23;2;3;1
23;1;1;1
23;2;2;2
23;3;1;1
23;1;3;1
23;5;5;5
23;5;5;5
23;3;2;1
23;5;4;1
23;5;1;3
23;3;4;2
23;3;3;1
23;5;5;3
23;5;4;3
23;5;5;5
23;3;2;1
23;5;5;5
23;4;3;1
23;5;5;4
23;3;3;1
23;5;5;3
23;4;1;1
23;5;5;5
23;5;5;5
23;5;4;1
23;5;5;5
23;5;5;5
23;5;4;5
23;5;5;3
23;5;5;1
23;2;2;2
23;5;5;5
23;4;5;3
23;4;1;1
23;5;5;2
23;3;1;1
23;4;5;3
23;4;5;1
23;4;5;3
23;5;5;1
23;4;5;1
23;4;3;1
23;4;2;1
23;3;2;3
23;3;5;2
23;2;2;1
23;3;2;1
23;5;5;3
23;5;2;1
23;4;5;3
23;2;3;1
23;3;1;1
23;4;2;1
23;4;5;1
23;5;5;5
23;1;4;1
23;1;4;1
23;3;1;1
23;1;1;1
23;1;2;1
23;2;5;4
23;5;3;1
23;3;3;1
23;3;3;3
23;3;5;1
23;4;3;5
23;5;5;5
23;5;5;4
23;5;5;5
23;5;1;1
23;1;3;1
23;1;2;2
23;5;5;5
23;1;1;1
23;5;5;5
23;4;2;2
23;3;4;1
23;1;1;1
23;4;2;1
23;4;1;3
23;5;4;4
23;2;4;1
23;2;1;1
23;1;1;1
23;2;1;1
23;5;4;5
23;1;1;3
23;5;5;5
23;4;4;3
23;3;1;1
23;5;5;2
23;4;5;1
23;4;4;4
23;4;2;2
23;5;5;5
23;1;1;2
23;5;5;5
23;2;1;1
23;2;2;1
23;3;3;5
23;2;1;1
23;3;1;3
23;5;5;4
23;2;3;1
23;4;5;5
23;5;5;5
23;3;4;2
23;4;3;1
23;4;5;5
23;4;5;3
23;4;4;1
23;4;2;1
23;1;1;1
23;3;5;1
23;3;2;1
23;1;3;1
23;4;4;1
23;3;4;2
23;3;3;2
23;3;4;3
23;3;4;4
23;2;2;1
23;2;4;2
23;3;1;1
23;3;5;1
23;1;1;4
23;2;2;2
23;1;5;1
23;1;1;1
23;5;3;1
23;4;5;4
23;5;5;5
23;5;3;2
23;4;4;3
23;1;1;1
23;3;4;3
23;3;5;5
23;4;3;1
23;3;3;3
23;2;3;2
23;3;2;2
23;1;3;1
23;2;1;1
23;1;3;1
23;4;4;2
23;1;2;1
23;1;2;2
23;1;1;1
23;1;1;1
23;1;2;1
23;5;5;3
23;3;4;1
23;4;4;1
23;5;5;1
23;1;3;1
23;5;5;5
23;4;5;2
23;2;2;1
23;1;4;1
23;3;4;1
23;5;5;4
23;3;5;5
23;4;4;2
23;1;1;1
23;5;5;5
23;5;5;5
23;5;5;2
23;3;1;1
23;5;5;5
23;5;4;1
23;3;5;3
23;5;5;4
23;5;5;5
23;5;5;5
23;1;1;1
23;2;5;3
23;1;1;1
23;3;3;3
23;1;1;1
23;3;4;1
23;4;4;4
23;5;5;4
23;2;4;1
23;5;5;3
23;2;5;2
23;4;4;2
23;1;2;1
23;2;3;2
23;4;5;2
23;4;4;3
23;1;1;1
23;1;4;1
23;5;5;1
23;4;4;2
23;5;5;4
23;4;5;1
23;5;4;4
23;5;4;3
23;2;4;3
23;1;1;1
23;5;4;4
23;5;4;2
23;5;5;5
23;2;3;1
23;3;1;1
23;4;5;1
23;4;5;1
23;5;5;5
23;3;1;1
23;3;5;3
23;2;1;1
23;2;1;1
23;1;3;1
23;5;5;2
23;4;3;4
23;5;5;5
23;1;2;3
23;4;1;1
23;5;4;1
23;4;4;3
23;4;4;1
23;2;5;3
23;5;4;1
23;1;1;1
23;5;5;5
23;5;3;3
23;4;5;5
23;3;5;1
23;3;1;3
23;1;2;1
23;4;3;1
23;1;1;1
23;2;5;1
23;4;5;5
23;5;5;5
23;5;1;3
23;4;4;3
23;4;1;2
23;5;5;4
23;3;4;1
23;1;1;1
23;5;5;1
23;1;2;1
23;1;1;1
23;5;4;1
23;1;1;1
23;4;4;3
23;1;1;1
23;5;5;2
23;2;4;1
23;4;3;4
23;1;2;2
23;2;1;2
23;5;5;3
23;2;3;2
23;5;5;2
23;3;4;2
23;3;5;3
23;5;5;4
23;2;3;1
23;5;5;3
23;5;5;5
23;5;5;5
23;2;4;1
23;5;5;5
23;5;5;2
23;5;5;5
23;4;5;1
23;4;4;3
23;5;5;5
23;4;5;4
23;5;5;2
23;5;5;5
23;1;3;1
23;2;1;1
23;3;2;1
23;5;5;5
23;3;3;3
23;4;4;3
23;3;4;5
23;5;5;5
23;4;4;1
23;5;2;4
23;5;5;5
23;5;4;3
23;5;5;5
23;3;1;1
23;5;3;1
23;4;3;1
23;1;5;3
23;2;1;1
23;2;3;1
23;2;1;1
23;4;5;1
23;5;5;1
23;4;4;1
23;2;1;1
23;1;1;1
23;4;4;2
23;3;4;3
23;3;1;1
23;5;5;3
23;5;4;5
23;1;1;1
23;5;5;1
23;5;5;5
23;4;2;1
23;3;2;1
23;3;2;1
23;3;3;1
23;5;5;5
23;4;2;2
23;5;5;1
23;4;3;2
23;5;5;1
23;3;5;1
23;5;5;5
23;5;3;3
23;3;1;2
23;4;4;1
23;2;1;1
23;4;3;1
23;1;2;1
23;5;5;4
23;5;5;5
23;4;5;3
23;5;4;1
23;5;5;2
23;2;1;1
23;2;4;1
23;4;5;3
23;4;2;5
23;1;1;1
23;5;4;1
23;5;5;5
23;3;1;2
23;4;4;1
23;1;1;1
23;3;3;5
23;5;1;3
23;2;2;1
23;3;4;5
23;2;4;1
23;3;3;1
23;2;2;1
23;2;2;1
23;2;2;4
23;1;3;1
23;3;3;1
23;4;4;4
23;5;5;5
23;4;1;1
23;1;2;1
23;5;4;1
23;1;1;1
23;2;4;2
23;3;3;2
23;2;3;1
23;4;4;1
23;5;4;3
23;2;1;1
23;2;3;2
23;3;4;2
23;5;5;5
23;2;3;1
23;3;4;1
23;3;4;2
23;5;5;5
23;4;2;3
23;4;2;3
23;5;4;5
23;5;5;5
23;2;1;1
23;4;3;1
24;1;5;1
24;5;4;5
24;4;4;1
24;5;4;4
24;4;3;1
24;3;2;1
24;5;5;5
24;1;2;1
24;4;4;3
24;4;3;3
24;1;2;3
24;4;4;1
24;5;5;5
24;2;4;1
24;4;1;1
24;1;2;1
24;5;5;3
24;5;1;1
24;4;5;5
24;1;1;1
24;4;4;1
24;3;1;1
24;4;4;5
24;4;4;3
24;2;3;1
24;5;5;1
24;5;2;1
24;3;4;1
24;3;3;4
24;5;5;5
24;4;5;4
24;5;4;5
24;5;5;5
24;1;4;1
24;4;2;2
24;1;1;1
24;5;5;5
24;5;5;5
24;2;4;4
24;5;5;5
24;2;3;2
24;1;3;1
24;2;1;1
24;1;1;1
24;2;3;1
24;5;5;4
24;4;4;1
24;4;3;1
24;1;2;1
24;1;1;1
24;3;3;1
24;2;1;1
24;1;2;1
24;5;4;3
24;2;1;2
24;4;1;2
24;1;2;4
24;5;4;1
24;4;4;3
24;5;5;5
24;5;3;3
24;5;5;1
24;4;1;1
24;5;5;5
24;3;3;3
24;5;4;1
24;4;5;3
24;4;5;1
24;5;4;2
24;3;3;1
24;4;5;3
24;3;1;1
24;2;4;1
24;5;5;1
24;5;5;5
24;1;1;1
24;5;5;2
24;5;5;5
24;4;5;5
24;1;2;1
24;5;5;1
24;4;5;1
24;1;3;3
24;1;1;1
24;2;4;4
24;1;1;1
24;3;1;1
24;2;1;1
24;1;1;1
24;4;5;4
24;3;2;1
24;1;1;1
24;3;4;1
24;5;2;1
24;4;3;1
24;4;5;4
24;2;1;1
24;5;4;1
24;4;2;1
24;3;4;1
24;4;4;1
24;4;5;2
24;5;5;5
24;5;5;5
24;3;4;2
24;3;1;1
24;4;1;1
24;3;4;2
24;1;1;1
24;2;1;1
24;3;5;5
24;2;2;1
24;2;3;1
24;5;5;5
24;3;4;1
24;5;5;4
24;3;2;1
24;2;2;1
24;1;1;1
24;5;5;5
24;5;1;2
24;2;3;1
24;2;2;3
24;5;5;3
24;4;2;2
24;4;4;4
24;3;1;2
24;3;3;1
24;2;2;1
24;3;2;1
24;5;5;5
24;3;4;2
24;1;1;1
24;1;1;1
24;5;3;1
24;3;4;5
24;1;1;1
24;3;4;5
24;3;1;1
24;3;3;1
24;2;4;1
24;5;5;5
24;2;1;1
24;5;5;5
24;3;5;1
24;2;3;1
24;3;1;1
24;1;2;2
24;5;4;5
24;2;1;3
24;3;5;4
24;3;4;1
24;3;2;1
24;4;1;1
24;4;4;2
24;2;3;1
24;5;4;3
24;2;1;1
24;2;4;3
24;5;4;5
24;3;1;1
24;5;4;3
24;2;4;1
24;3;3;1
24;1;1;1
24;3;5;2
24;1;1;1
24;3;3;2
24;2;2;1
24;4;4;4
24;2;5;1
24;5;5;3
24;5;5;5
24;5;2;2
24;1;4;1
24;1;3;1
24;5;3;1
24;5;3;4
24;3;3;2
24;2;5;3
24;2;5;1
24;4;5;5
24;5;5;5
24;2;4;4
24;5;5;4
24;5;5;5
24;1;2;1
24;4;4;3
24;3;1;1
24;5;5;2
24;4;5;1
24;1;1;1
24;5;5;3
24;4;5;5
24;5;5;3
24;2;4;3
24;3;4;4
24;4;2;3
24;5;4;1
24;4;4;1
24;4;2;1
24;3;3;1
24;5;5;5
24;3;2;1
24;5;5;5
24;5;5;5
24;4;5;3
24;5;5;5
24;5;4;3
24;5;5;5
24;5;5;5
24;1;2;1
24;1;1;1
24;4;5;1
24;1;1;1
24;4;4;2
24;5;3;4
24;3;2;1
24;4;2;1
24;1;3;1
24;4;4;1
24;2;1;1
24;1;1;1
24;3;3;1
24;5;1;1
24;3;2;3
24;5;1;2
24;1;1;1
24;5;5;5
24;5;5;5
24;5;5;5
24;5;5;5
24;1;4;1
24;5;5;4
24;3;3;1
24;3;3;3
24;3;3;2
24;4;5;4
24;3;1;1
24;4;5;2
24;5;3;1
24;3;3;1
24;2;1;1
24;3;5;1
24;5;5;5
24;4;5;1
24;4;3;1
24;4;5;1
24;4;2;1
24;1;1;1
24;1;1;1
24;2;4;2
24;2;2;2
24;5;5;4
24;4;4;1
24;1;1;1
24;3;4;2
24;4;5;1
24;5;5;1
24;3;1;1
24;5;5;1
24;2;2;1
24;1;4;1
24;5;5;5
24;4;4;2
24;2;3;1
24;4;2;4
24;3;3;1
24;1;1;2
24;2;4;1
24;2;5;3
24;1;1;1
24;3;5;5
24;4;4;3
24;3;1;1
24;5;1;1
24;5;5;2
24;5;5;2
24;3;3;1
24;5;4;2
24;3;1;1
24;5;3;1
24;4;3;2
24;2;2;1
24;2;2;1
24;3;5;5
24;1;1;1
24;4;5;3
24;1;1;1
24;4;3;1
24;4;5;5
24;5;5;5
24;5;4;1
24;5;1;3
24;4;5;5
24;4;1;1
24;5;5;5
24;5;5;1
24;3;4;1
24;5;5;5
24;3;3;1
24;3;1;1
24;5;5;5
24;5;2;2
24;4;4;1
24;5;5;2
24;5;5;5
24;5;5;3
24;1;1;1
24;5;2;5
24;5;5;5
24;5;4;5
24;4;4;5
24;5;5;5
24;3;3;2
25;5;5;5
25;5;5;5
25;4;4;1
25;5;5;1
25;2;3;1
25;1;1;1
25;2;2;1
25;2;2;3
25;2;4;3
25;5;5;1
25;4;4;4
25;5;4;2
25;4;3;1
25;4;2;1
25;3;3;2
25;5;3;1
25;1;1;1
25;2;1;1
25;4;3;4
25;4;5;3
25;5;5;5
25;1;4;3
25;3;4;1
25;4;5;5
25;4;3;1
25;4;3;1
25;2;2;1
25;5;3;2
25;1;1;1
25;5;5;1
25;5;5;2
25;1;1;1
25;4;4;1
25;1;4;1
25;4;3;1
25;4;2;1
25;3;3;1
25;3;3;5
25;1;1;2
25;1;1;1
25;4;5;1
25;1;2;1
25;5;5;5
25;1;3;1
25;5;5;5
25;1;1;1
25;1;2;1
25;1;1;1
25;4;3;3
25;5;5;1
25;2;2;1
25;3;2;2
25;2;1;1
25;3;1;2
25;5;3;1
25;3;1;1
25;4;5;1
25;4;5;5
25;4;1;1
25;5;4;5
25;3;3;2
25;2;4;1
25;5;5;1
25;2;2;1
25;1;1;1
25;2;1;1
25;3;3;1
25;2;4;1
25;3;5;1
25;5;3;5
25;4;2;1
25;1;3;2
25;5;5;4
25;5;4;5
25;2;3;1
25;1;3;1
25;1;5;3
25;4;5;1
25;4;3;3
25;2;1;1
25;3;4;2
25;3;4;1
25;5;5;5
25;2;3;3
25;3;5;5
25;1;4;1
25;2;1;1
25;2;1;1
25;5;5;3
25;4;3;2
25;3;2;1
25;5;5;5
25;4;4;5
25;1;1;1
25;4;4;2
25;5;1;4
25;5;5;1
25;5;5;2
25;5;5;1
25;5;1;2
25;5;4;1
25;5;1;5
25;1;2;1
25;4;5;2
25;1;1;1
25;1;1;1
25;3;1;1
25;5;3;1
25;5;3;4
25;3;2;1
25;2;1;1
25;3;5;2
25;5;4;3
25;5;5;3
25;1;2;1
25;4;5;5
25;4;5;1
25;5;5;5
25;1;3;1
25;2;3;2
25;4;4;5
25;5;5;3
25;1;4;1
25;2;1;1
25;3;4;2
25;5;3;3
25;5;2;4
25;3;4;1
25;2;2;1
25;5;5;2
25;5;3;1
25;2;1;1
25;5;5;4
25;2;1;1
25;3;1;2
25;5;4;4
25;1;1;1
25;5;5;4
25;3;5;3
25;3;2;2
25;3;2;1
25;4;5;1
25;3;2;4
25;3;3;2
25;5;4;3
25;1;3;1
25;3;5;1
25;2;4;5
25;1;1;1
25;4;4;1
25;5;5;4
25;5;5;5
25;5;5;5
25;3;1;1
25;2;3;1
25;4;5;1
25;5;4;2
25;3;3;2
25;3;5;5
25;4;5;1
25;1;1;1
25;5;5;5
25;5;5;5
25;5;3;1
25;4;5;2
25;5;4;5
25;4;2;1
25;5;5;5
25;5;5;3
26;5;5;5
26;5;5;4
26;5;4;1
26;4;5;4
26;2;3;3
26;4;2;1
26;3;4;1
26;1;2;1
26;5;1;4
26;4;3;1
26;4;5;3
26;2;5;1
26;3;2;1
26;2;1;1
26;1;3;1
26;4;4;2
26;3;3;1
26;1;1;1
26;5;1;1
26;2;3;3
26;4;2;1
26;3;2;5
26;5;5;5
26;5;4;1
26;2;3;1
26;2;1;1
26;3;2;5
26;1;1;1
26;1;1;1
26;4;3;3
26;2;1;1
26;3;3;1
26;3;4;1
26;1;1;1
26;2;1;1
26;5;5;1
26;5;5;1
26;4;4;3
26;5;4;1
26;2;2;1
26;4;4;1
26;5;5;5
26;3;1;1
26;1;2;1
26;3;3;1
26;5;5;5
26;4;1;1
26;4;4;3
26;3;4;2
26;3;4;2
26;5;3;3
26;2;3;3
26;1;1;1
26;5;4;5
26;3;5;5
26;5;5;3
26;2;2;1
26;4;5;1
26;4;5;3
26;4;3;5
26;1;1;1
26;3;3;3
26;5;5;5
26;2;1;2
26;2;4;2
26;3;2;1
26;4;5;1
26;4;5;5
26;5;5;5
26;5;5;5
26;1;2;1
26;5;5;3
26;1;5;3
26;3;3;1
26;1;2;1
26;4;5;3
26;2;1;1
26;2;1;1
26;5;5;5
26;1;2;1
26;3;4;5
26;1;1;1
26;4;2;1
26;1;1;1
26;5;5;5
26;4;5;2
26;3;1;1
26;4;4;2
26;5;5;1
26;5;5;3
26;3;5;4
26;5;2;3
26;2;2;1
26;3;1;1
26;1;1;3
26;2;5;1
26;3;3;5
26;2;2;1
26;3;1;1
26;5;2;5
26;5;3;3
26;4;5;4
26;5;5;5
26;5;5;5
26;3;2;3
26;4;5;2
26;2;1;1
26;4;4;3
26;5;5;3
26;2;1;1
26;4;5;4
26;3;2;1
26;2;1;1
26;3;2;3
26;2;1;1
26;3;2;1
26;2;3;3
26;3;3;1
26;4;3;1
26;3;5;1
26;1;1;1
26;1;2;2
26;3;5;2
26;3;3;2
26;4;4;2
26;2;3;1
26;4;4;3
26;3;3;1
26;3;5;3
26;2;4;1
26;4;5;5
26;4;3;1
26;5;5;1
26;5;5;5
26;5;5;5
27;1;1;1
27;2;2;1
27;1;1;1
27;5;4;1
27;4;5;1
27;5;5;5
27;3;5;2
27;3;2;1
27;3;1;5
27;2;4;1
27;3;3;1
27;2;1;2
27;1;1;1
27;3;2;1
27;4;5;1
27;5;5;2
27;4;3;1
27;1;3;1
27;3;4;1
27;5;4;3
27;1;1;1
27;1;1;1
27;1;5;1
27;5;5;5
27;3;4;1
27;3;2;1
27;2;2;1
27;4;2;1
27;5;4;1
27;1;1;1
27;3;1;3
27;1;1;1
27;1;1;1
27;4;4;4
27;5;5;5
27;1;1;1
27;4;4;1
27;5;5;5
27;5;4;1
27;5;4;3
27;4;5;1
27;3;3;3
27;4;2;2
27;1;3;3
27;1;1;4
27;1;1;1
27;5;4;5
27;4;5;2
27;5;4;1
27;5;5;5
27;5;5;5
27;2;1;1
27;5;5;5
27;5;5;5
27;3;2;1
27;2;2;4
27;1;1;1
27;2;3;1
27;4;1;1
27;2;1;1
27;3;3;1
27;4;5;1
27;2;4;1
27;5;4;4
27;5;5;5
27;3;1;1
27;5;1;1
27;4;5;3
27;3;3;2
27;1;2;1
27;3;3;3
27;5;5;1
27;4;1;1
27;2;1;1
27;3;3;2
27;1;1;1
27;4;5;3
27;5;5;5
27;3;1;4
27;3;4;1
27;3;3;2
27;5;4;5
27;5;5;5
27;5;5;5
27;1;1;1
27;5;5;5
27;5;5;5
27;1;1;1
27;1;1;1
27;5;5;4
27;2;2;1
27;5;3;1
27;3;2;1
27;5;4;1
27;3;2;5
27;3;5;5
27;1;4;1
27;1;1;1
27;1;1;1
27;4;5;4
27;4;5;5
27;3;2;1
27;1;1;1
27;2;5;5
27;4;2;1
27;5;5;1
27;5;5;5
27;3;3;2
27;5;5;1
27;5;3;3
27;1;2;1
27;1;2;1
27;3;1;1
27;5;5;5
27;5;5;2
27;5;5;5
27;5;5;2
27;2;3;1
27;5;5;4
27;4;4;2
27;2;1;1
27;5;4;1
28;1;1;1
28;5;4;5
28;2;1;1
28;1;1;1
28;2;3;1
28;3;2;2
28;1;1;1
28;2;1;1
28;1;1;1
28;5;4;4
28;3;5;4
28;4;4;1
28;3;4;1
28;5;5;5
28;2;1;1
28;2;2;1
28;1;1;1
28;2;1;1
28;2;4;1
28;5;3;1
28;3;1;1
28;3;3;1
28;4;3;5
28;4;3;1
28;2;3;1
28;5;5;1
28;5;5;4
28;1;1;1
28;1;1;1
28;5;5;4
28;5;5;1
28;2;2;1
28;5;5;5
28;2;3;1
28;2;2;1
28;4;4;2
28;3;1;4
28;4;2;1
28;1;1;1
28;3;4;1
28;5;5;4
28;5;5;3
28;4;2;4
28;5;4;1
28;4;5;5
28;5;4;2
28;4;4;5
28;3;4;1
28;2;1;1
28;1;1;1
28;4;3;1
28;4;4;3
28;5;5;2
28;4;3;3
28;4;4;2
28;5;5;5
28;5;5;1
28;4;4;4
28;4;4;4
28;1;4;1
28;3;3;1
28;1;1;1
28;1;3;1
28;5;5;1
28;4;5;2
28;2;2;2
28;3;3;1
28;1;3;1
28;5;5;5
28;5;5;5
28;5;5;5
28;1;2;1
28;1;1;1
28;1;4;1
28;1;1;1
28;2;4;1
28;1;1;1
28;4;4;4
28;1;2;3
28;3;2;1
28;3;3;1
28;5;3;1
28;5;5;3
28;5;4;3
28;5;5;3
28;5;5;1
28;5;5;3
28;5;4;2
28;5;5;4
28;3;2;1
28;2;3;1
28;5;5;4
28;1;5;1
28;4;4;4
28;4;4;3
28;5;4;3
28;2;2;1
28;1;1;1
28;4;4;1
28;1;1;1
28;5;1;1
28;1;2;1
28;3;1;4
28;1;2;1
28;3;2;2
28;2;3;1
28;5;4;5
28;5;5;1
28;4;5;1
28;3;2;1
28;5;2;4
28;5;5;5
28;4;4;1
28;1;1;1
28;1;2;1
28;2;1;1
28;1;5;1
28;2;2;1
28;1;1;1
28;1;1;2
28;3;5;4
28;5;5;4
28;5;5;5
28;5;5;3
28;4;4;5
28;5;5;5
28;2;4;1
28;2;1;3
28;5;5;5
28;4;5;3
28;1;1;1
28;2;1;1
28;1;1;1
28;2;1;1
28;2;4;3
28;3;5;5
28;4;4;2
28;4;4;2
28;5;4;4
28;5;5;5
28;3;2;2
28;1;1;1
28;3;2;1
29;5;4;5
29;1;1;1
29;4;5;1
29;1;2;1
29;4;5;4
29;4;4;3
29;4;5;3
29;5;5;5
29;4;2;1
29;5;1;3
29;4;3;1
29;4;5;1
29;5;5;5
29;5;5;1
29;1;1;1
29;4;4;3
29;1;3;1
29;3;4;2
29;1;1;1
29;4;4;1
29;3;3;2
29;3;3;3
29;3;3;1
29;5;1;3
29;5;5;3
29;1;1;5
29;1;1;1
29;3;4;3
29;2;1;1
29;3;3;4
29;5;4;3
29;5;4;5
29;2;1;1
29;5;4;3
29;4;4;3
29;4;5;3
29;4;4;1
29;2;2;1
29;5;5;1
29;1;1;1
29;3;3;2
29;4;3;1
29;3;2;1
29;4;5;3
29;4;4;1
29;1;1;1
29;5;5;5
29;1;1;1
29;4;5;1
29;4;5;1
29;4;5;1
29;5;2;2
29;3;4;2
29;1;5;1
29;3;5;1
29;4;5;5
29;1;5;1
29;3;5;1
29;3;1;1
29;1;1;1
29;4;4;3
29;2;3;1
29;4;5;4
29;1;1;1
29;1;1;1
29;4;5;3
29;5;5;5
29;5;5;5
29;2;5;2
29;2;4;3
29;3;3;1
29;5;3;2
29;3;4;2
29;5;4;1
29;4;1;1
29;5;5;3
29;2;4;1
29;5;4;1
29;5;4;2
29;1;2;1
29;2;2;1
29;5;5;5
29;5;5;5
29;2;2;1
29;5;5;3
29;1;2;1
29;2;2;1
29;4;3;1
29;4;5;4
29;2;2;1
29;3;4;1
29;1;2;1
29;5;4;2
29;4;4;3
29;5;3;1
29;5;5;5
29;2;5;4
30;4;5;2
30;5;2;3
30;3;5;1
30;2;3;2
30;2;3;2
30;5;5;1
30;5;3;1
30;3;5;5
30;5;4;3
30;3;2;2
30;1;1;1
30;4;3;4
30;2;4;1
30;3;2;1
30;5;5;2
30;5;5;5
30;3;2;1
30;5;5;4
30;5;5;1
30;4;1;1
30;3;3;4
30;5;5;4
30;2;2;2
30;2;3;1
30;5;5;3
30;2;1;1
30;5;5;3
30;5;5;5
30;2;3;1
30;3;4;1
30;2;1;2
30;2;2;2
30;5;5;5
30;4;2;3
30;1;3;1
30;2;2;1
30;3;3;1
30;2;3;1
30;2;4;4
30;5;3;1
30;5;5;5
30;2;4;3
30;2;2;2
30;4;4;1
30;3;3;2
30;5;5;1
30;3;3;2
30;1;1;1
30;5;2;3
30;3;2;1
30;5;5;5
30;5;1;1
30;5;5;5
30;1;1;1
30;4;3;4
30;5;4;5
30;3;3;3
30;2;1;1
30;3;4;1
30;2;1;1
30;2;3;4
30;4;5;1
30;3;4;3
30;5;5;5
30;5;5;5
30;5;5;5
30;3;2;1
30;3;5;3
30;3;3;1
30;1;2;1
30;5;3;4
30;5;1;1
30;5;5;5
30;2;1;1
30;5;4;3
30;5;5;4
30;3;4;1
30;2;1;1
30;2;3;1
30;3;3;1
30;2;4;1
30;1;1;1
30;5;5;4
30;1;1;1
30;5;5;2
30;5;4;1
30;3;3;1
30;5;5;5
30;2;1;1
30;2;3;2
30;2;2;1
30;2;2;1
30;1;1;1
30;2;1;1
30;1;1;1
30;4;4;2
30;1;1;1
30;4;4;2
30;3;3;4
30;3;3;4
30;5;5;5
30;5;5;3
30;4;2;1
30;4;2;1
30;5;5;5
30;1;1;1
31;2;1;1
31;5;5;1
31;5;5;5
31;5;5;5
31;2;3;2
31;4;4;4
31;1;1;1
31;1;3;1
31;1;1;1
31;2;1;1
31;5;5;1
31;1;3;1
31;2;1;2
31;4;5;4
31;5;5;4
31;2;1;1
31;2;2;1
31;1;1;1
31;1;1;1
31;1;2;1
31;4;4;1
31;2;2;1
31;1;2;1
31;5;5;5
31;1;1;1
31;3;4;4
31;4;5;2
31;4;3;3
31;2;3;1
31;3;3;1
31;2;4;1
31;3;5;1
31;3;4;4
31;2;3;1
31;2;3;1
31;3;3;1
31;4;1;1
31;3;2;3
31;4;5;1
31;4;5;1
31;5;3;2
31;5;4;2
31;4;5;5
31;4;4;1
31;3;5;1
31;5;2;1
31;5;5;3
31;5;4;3
31;3;3;4
31;4;5;1
31;5;2;2
31;5;5;2
31;5;5;5
31;5;5;4
31;5;5;5
31;3;4;3
31;5;3;2
31;5;5;5
31;5;5;1
31;5;2;2
31;3;1;1
31;2;4;2
31;5;3;1
31;2;2;1
31;5;5;1
31;4;4;3
31;5;5;5
31;4;4;3
32;3;5;2
32;5;4;4
32;1;1;1
32;2;1;2
32;3;4;3
32;4;5;1
32;2;3;1
32;3;1;1
32;5;5;5
32;5;5;3
32;2;2;1
32;5;5;5
32;5;4;5
32;4;1;1
32;5;5;5
32;4;5;2
32;4;2;3
32;3;3;4
32;1;1;1
32;4;4;1
32;3;2;1
32;3;2;2
32;1;1;1
32;1;1;1
32;1;1;1
32;2;2;1
32;5;5;5
32;4;3;1
32;1;1;1
32;2;3;1
32;5;5;5
32;3;2;1
32;5;5;2
32;1;1;1
32;1;1;2
32;4;4;4
32;1;1;1
32;4;5;2
32;3;3;3
32;5;5;5
32;5;4;4
32;4;4;4
32;5;5;2
32;1;1;1
32;2;1;4
32;1;1;1
32;4;4;2
32;1;1;1
32;3;2;2
32;3;4;1
32;1;1;3
32;4;4;1
32;4;2;1
32;5;3;1
32;1;1;1
32;3;5;4
32;4;1;1
32;3;3;1
32;5;5;5
32;1;2;1
32;5;3;1
32;4;1;1
32;5;5;5
32;2;2;1
32;5;3;3
32;3;5;2
32;5;2;1
32;2;2;2
32;5;5;1
32;5;5;2
32;4;3;1
32;1;1;1
32;5;5;3
32;3;1;1
32;1;1;1
32;1;1;1
32;5;5;3
32;3;2;1
32;3;1;2
33;3;3;1
33;5;1;5
33;2;2;2
33;3;3;1
33;5;4;5
33;4;3;3
33;3;1;2
33;4;5;5
33;3;3;3
33;4;3;2
33;5;4;2
33;4;3;4
33;4;5;4
33;4;3;5
33;1;1;1
33;4;3;1
33;4;3;3
33;3;3;2
33;1;1;1
33;3;2;1
33;4;4;1
33;1;1;1
33;4;5;5
33;4;3;5
33;1;1;1
33;2;5;4
33;1;2;1
33;3;5;5
33;4;4;3
33;2;5;1
33;3;2;3
33;5;5;4
33;2;2;1
33;2;2;1
33;4;4;2
33;4;2;1
33;1;5;2
33;5;5;5
33;1;1;1
33;5;5;5
33;5;4;3
33;5;5;5
33;2;2;1
33;4;4;2
33;4;3;4
33;5;4;1
33;1;3;2
33;1;1;1
33;3;4;1
33;3;4;2
33;4;1;1
33;5;5;2
33;3;1;4
33;5;5;4
33;4;3;1
33;4;5;5
33;4;5;5
33;5;5;5
33;3;2;2
33;1;3;1
33;3;3;2
33;5;5;1
33;5;5;5
33;4;4;5
33;3;4;1
33;4;3;4
33;1;1;1
33;5;5;4
33;5;5;5
33;5;5;1
33;3;3;1
33;3;4;1
33;4;5;4
33;4;4;4
33;5;5;5
33;3;5;1
33;5;5;5
33;3;3;1
33;3;3;1
33;5;5;2
34;5;1;1
34;3;5;4
34;5;2;5
34;5;5;1
34;3;2;1
34;1;3;1
34;5;3;1
34;1;1;1
34;4;4;5
34;4;4;4
34;1;4;4
34;3;3;1
34;4;5;5
34;5;1;5
34;1;1;1
34;1;4;1
34;4;3;1
34;5;5;5
34;4;5;1
34;5;5;5
34;5;3;1
34;4;4;1
34;1;2;1
34;2;3;1
34;3;2;3
34;3;3;2
34;4;4;3
34;2;4;1
34;4;3;4
34;3;2;1
34;5;3;1
34;1;1;1
34;2;2;2
34;4;5;3
34;2;2;5
34;5;5;1
34;3;5;4
34;1;1;1
34;3;3;2
34;2;1;1
34;4;3;3
34;3;2;1
34;5;5;1
34;2;2;1
34;4;1;1
34;2;2;1
34;5;5;5
34;1;1;1
34;2;1;1
34;1;1;1
34;3;3;1
34;2;2;1
34;2;4;1
34;1;1;1
34;5;5;1
34;5;5;2
34;2;1;2
34;2;3;2
34;4;1;1
34;3;5;1
34;5;5;3
34;2;1;3
34;1;1;2
34;5;4;1
34;5;4;2
34;3;3;3
34;5;5;3
34;3;4;4
34;4;3;1
34;3;2;2
34;5;5;4
34;1;1;1
34;5;5;5
34;2;3;1
34;3;4;3
34;3;4;3
35;4;1;1
35;3;2;2
35;5;5;5
35;5;5;3
35;4;3;3
35;2;2;2
35;4;5;3
35;1;1;1
35;5;5;1
35;3;3;4
35;1;1;1
35;3;5;3
35;3;5;3
35;2;2;1
35;5;5;4
35;3;3;1
35;5;5;5
35;2;2;1
35;4;2;1
35;3;4;1
35;1;1;1
35;5;5;5
35;1;1;1
35;2;1;1
35;4;4;2
35;3;2;1
35;2;1;5
35;3;5;4
35;5;5;5
35;4;5;2
35;4;3;1
35;1;1;1
35;4;3;2
35;5;2;1
35;4;5;4
35;5;5;1
35;3;2;5
35;5;5;4
35;3;2;1
35;5;5;4
35;1;1;1
35;4;4;3
35;5;4;2
35;4;3;1
35;4;1;2
35;1;2;1
35;3;3;1
35;5;5;3
35;3;3;1
35;4;4;2
35;4;5;1
35;3;1;1
35;1;1;1
35;3;2;2
35;4;1;1
36;5;5;1
36;1;2;1
36;4;5;3
36;1;1;1
36;5;3;1
36;3;4;2
36;1;1;1
36;1;2;1
36;5;3;1
36;5;5;5
36;2;1;1
36;5;2;1
36;2;4;1
36;4;3;3
36;1;1;1
36;4;5;2
36;5;5;3
36;1;1;1
36;4;5;1
36;1;1;1
36;1;1;1
36;3;5;1
36;1;1;1
36;4;5;4
36;3;4;1
36;1;1;1
36;5;5;5
36;5;4;4
36;1;1;1
36;2;1;1
36;3;1;1
36;4;3;1
36;1;2;1
36;5;5;5
36;2;1;1
36;5;5;3
36;5;5;5
36;2;2;1
36;4;4;4
36;4;2;1
36;1;2;1
36;5;5;5
36;3;1;1
36;5;5;5
36;1;2;1
36;5;4;4
36;4;1;1
36;1;1;1
36;1;3;1
36;5;5;5
36;5;5;3
36;4;3;1
36;2;1;1
36;5;5;4
36;1;1;1
36;2;1;1
36;2;4;1
36;5;1;1
36;3;1;1
36;5;5;4
36;4;3;1
36;5;5;3
36;4;5;5
36;1;3;1
36;4;5;1
36;1;1;1
36;4;2;1
36;3;3;1
36;4;1;1
36;5;5;5
36;5;5;5
36;5;5;5
36;4;1;1
36;4;3;2
36;4;1;1
36;4;1;1
36;5;5;5
37;5;5;5
37;5;5;1
37;5;5;5
37;5;5;2
37;4;4;1
37;2;4;1
37;4;3;1
37;5;5;3
37;5;4;2
37;1;1;1
37;2;1;1
37;3;2;1
37;1;1;1
37;5;5;4
37;2;5;5
37;3;3;3
37;4;3;1
37;2;1;1
37;5;4;1
37;2;2;1
37;2;3;1
37;1;3;1
37;4;4;4
37;5;3;1
37;3;2;5
37;3;2;1
37;4;3;1
37;4;4;3
37;5;5;5
37;1;1;1
37;4;4;2
37;1;1;1
37;1;1;1
37;1;2;1
37;5;5;4
37;3;2;1
37;5;5;5
37;5;5;5
37;1;1;1
37;2;3;1
37;3;4;1
37;3;4;1
37;4;1;1
37;5;3;1
37;1;1;1
37;3;3;3
37;5;5;4
37;3;3;2
37;3;3;1
37;5;5;2
37;3;1;1
37;4;5;5
37;5;4;5
37;4;1;1
37;3;1;1
37;5;5;2
37;5;5;5
38;2;3;1
38;3;5;5
38;1;1;1
38;3;1;1
38;2;1;1
38;4;5;1
38;2;4;1
38;4;5;3
38;1;1;1
38;2;2;1
38;5;3;4
38;3;3;1
38;4;3;1
38;1;1;1
38;5;3;1
38;1;2;4
38;2;4;1
38;5;5;4
38;2;4;1
38;5;5;4
38;5;4;1
38;4;4;1
38;5;1;1
38;4;4;2
38;1;5;3
38;4;3;2
38;1;1;1
38;3;2;2
38;3;1;1
38;3;1;1
38;1;1;1
38;1;1;1
38;5;4;3
38;4;4;2
38;5;4;1
38;3;4;1
38;3;4;1
38;5;5;1
38;4;1;1
38;1;3;1
38;3;2;1
38;5;5;4
38;4;1;1
38;5;3;1
38;2;2;1
38;5;5;5
38;1;1;1
38;1;1;1
38;4;2;1
38;2;1;1
38;4;2;1
38;2;3;1
38;4;5;5
38;4;3;1
38;5;5;5
38;5;5;5
39;2;1;1
39;5;5;4
39;4;5;1
39;1;1;1
39;3;3;4
39;2;4;2
39;5;5;5
39;5;5;3
39;5;5;3
39;3;1;1
39;5;5;2
39;4;1;1
39;3;4;1
39;5;4;1
39;5;4;1
39;1;1;1
39;3;3;2
39;4;4;2
39;3;4;1
39;5;2;1
39;2;2;2
39;5;5;5
39;4;4;1
39;4;2;1
39;5;5;5
39;5;3;3
39;4;4;2
39;2;5;2
39;3;3;2
39;5;1;4
39;2;2;1
39;5;5;4
39;5;5;4
39;3;4;1
39;2;1;1
39;4;4;1
39;5;5;2
39;1;1;1
39;1;1;1
39;1;1;1
39;3;3;1
39;5;1;1
39;3;5;1
39;4;4;1
39;2;2;1
39;2;1;1
39;5;5;5
39;4;5;2
39;5;3;1
39;4;4;1
40;5;3;4
40;1;1;1
40;1;1;1
40;1;1;1
40;5;4;5
40;5;3;1
40;1;1;1
40;4;3;2
40;2;1;1
40;5;5;5
40;5;5;5
40;2;1;1
40;2;2;1
40;4;4;1
40;2;2;1
40;4;1;1
40;1;1;1
40;4;4;3
40;1;1;1
40;5;5;1
40;2;3;1
40;1;1;1
40;5;5;5
40;2;1;2
40;1;5;5
40;5;5;5
40;1;1;1
40;2;4;2
40;2;5;1
40;1;1;1
40;1;1;1
40;1;1;1
40;5;5;3
40;4;4;1
40;5;4;1
40;2;2;1
40;3;3;1
40;3;5;4
40;5;5;4
40;1;1;1
40;5;3;4
40;4;4;3
40;3;2;1
40;4;5;2
40;2;3;1
40;4;4;1
40;4;5;5
40;3;2;1
41;3;5;1
41;3;1;1
41;2;1;1
41;1;2;4
41;1;3;1
41;5;5;2
41;5;5;1
41;4;2;1
41;1;1;1
41;5;3;1
41;3;3;1
41;1;2;1
41;4;4;4
41;5;2;2
41;5;5;4
41;4;5;4
41;5;5;4
41;3;1;1
41;3;1;1
41;1;2;1
41;2;1;1
41;2;2;1
41;5;5;2
41;4;4;3
41;2;2;1
41;5;4;4
41;5;5;5
41;5;5;4
41;3;2;1
41;1;4;3
41;3;4;1
41;1;1;1
41;4;4;4
41;3;2;1
41;3;5;5
41;1;2;1
41;2;2;2
41;5;1;1
41;3;1;1
41;2;2;1
41;2;3;1
41;5;5;5
41;4;4;1
41;1;1;1
41;5;2;4
41;4;4;2
41;5;5;3
41;5;5;1
41;1;1;1
41;2;3;2
41;3;3;1
41;3;3;1
41;3;2;3
41;1;1;1
41;1;1;1
41;5;3;4
41;2;2;1
42;3;3;3
42;4;4;4
42;3;1;1
42;5;3;5
42;1;1;1
42;3;3;1
42;4;4;2
42;5;5;3
42;1;1;1
42;5;3;1
42;5;5;5
42;3;3;1
42;2;2;1
42;3;2;2
42;1;1;1
42;1;1;1
42;1;2;1
42;1;1;1
42;4;1;1
42;3;5;5
42;2;2;1
42;1;1;1
42;3;1;1
42;3;1;1
42;5;5;2
42;1;1;1
42;2;2;1
42;5;5;5
42;3;4;1
42;5;5;4
42;5;5;3
42;3;3;2
42;1;2;2
42;1;2;1
42;3;3;1
42;1;1;1
42;4;3;4
42;3;3;1
42;3;1;1
42;3;1;1
42;5;5;3
42;4;3;2
42;3;2;1
42;4;2;1
42;4;3;3
43;3;2;1
43;5;5;1
43;5;4;3
43;5;4;1
43;2;1;1
43;3;2;2
43;5;5;3
43;5;5;2
43;1;1;1
43;2;2;2
43;5;5;1
43;1;2;1
43;3;3;3
43;1;1;1
43;2;3;2
43;5;3;2
43;2;1;1
43;5;5;5
43;1;1;1
43;4;4;1
43;5;5;4
43;3;2;1
43;1;2;1
43;4;4;5
43;3;2;1
43;2;1;1
43;4;3;4
43;4;5;3
43;1;1;1
43;5;3;1
43;5;3;1
43;2;2;2
43;4;5;1
43;1;1;1
43;4;3;1
43;4;2;3
43;1;1;1
43;5;4;5
43;3;2;5
43;3;4;2
43;4;1;1
43;4;5;4
43;5;2;1
43;3;5;2
43;1;1;1
43;5;4;3
44;5;5;4
44;4;2;1
44;2;2;1
44;4;3;3
44;3;5;5
44;3;5;1
44;2;1;1
44;3;3;3
44;5;5;1
44;5;5;1
44;2;3;2
44;2;4;1
44;2;2;2
44;5;5;5
44;4;4;4
44;5;1;5
44;5;5;5
44;2;2;1
44;4;3;1
44;2;1;1
44;1;1;1
44;2;1;1
44;5;5;2
44;4;1;1
44;3;5;1
44;5;5;4
44;4;4;3
44;4;3;1
44;4;5;2
44;3;2;1
44;3;1;1
44;5;5;1
44;2;1;1
44;5;4;1
44;2;2;1
45;3;2;1
45;1;1;1
45;2;4;1
45;4;4;3
45;5;2;2
45;4;4;1
45;5;5;5
45;1;1;1
45;1;1;1
45;3;1;1
45;2;3;2
45;4;4;1
45;1;1;1
45;4;1;1
45;1;1;1
45;3;3;3
45;4;4;1
45;3;3;2
45;3;1;5
45;1;2;5
45;1;1;1
45;3;3;1
45;5;5;3
45;1;1;1
45;3;2;1
45;1;1;1
45;3;2;1
45;3;2;3
45;2;4;1
45;1;1;1
45;4;5;5
45;5;5;5
46;3;4;3
46;1;1;1
46;1;1;1
46;4;5;5
46;4;4;3
46;2;2;1
46;3;2;2
46;5;1;2
46;3;1;4
46;1;1;1
46;1;1;1
46;4;4;2
46;4;5;1
46;3;1;1
46;1;1;1
46;1;1;1
46;5;3;5
46;4;3;3
46;1;1;1
46;1;1;1
46;3;4;3
46;3;2;4
46;1;1;1
46;2;4;2
46;5;2;5
46;1;1;1
46;5;5;5
46;3;3;3
46;1;1;2
46;1;1;1
46;3;1;1
46;3;4;4
47;1;1;1
47;1;1;1
47;5;2;1
47;1;1;3
47;4;4;3
47;5;5;5
47;1;2;1
47;3;4;3
47;4;4;1
47;4;4;3
47;4;4;1
47;1;1;1
47;4;1;4
47;1;1;1
47;2;3;1
47;4;2;3
47;2;1;1
47;3;4;1
47;3;2;1
47;3;3;5
47;2;2;1
47;3;4;1
47;5;5;5
47;2;1;1
47;3;4;1
47;1;1;1
47;4;2;1
47;1;1;1
47;1;1;1
47;1;1;1
47;3;3;1
48;2;3;2
48;5;1;1
48;3;1;1
48;4;3;2
48;5;5;4
48;2;2;1
48;4;4;2
48;2;3;1
48;4;4;2
48;2;1;2
48;5;4;3
48;5;5;2
48;3;2;1
48;2;2;1
48;5;5;3
48;5;5;3
48;4;5;5
48;3;1;1
48;4;1;1
48;1;1;1
48;5;5;5
48;2;1;1
48;1;1;1
48;5;5;5
48;3;1;1
48;2;2;2
48;5;4;2
48;2;3;1
48;2;1;1
48;3;5;3
48;1;1;1
48;3;1;1
48;1;3;1
48;1;3;1
49;5;4;1
49;3;3;3
49;1;1;1
49;3;4;2
49;3;3;2
49;5;1;5
49;5;5;5
49;1;1;1
49;2;2;1
49;5;5;5
49;4;1;1
49;4;1;1
49;5;2;4
49;1;1;1
49;3;4;3
49;1;1;1
49;2;2;1
49;2;3;1
49;4;5;5
49;1;5;1
49;1;1;1
49;3;3;1
49;2;1;1
49;3;2;1
50;3;2;2
50;2;1;1
50;4;3;1
50;2;1;1
50;3;5;1
50;3;2;1
50;1;1;1
50;4;4;2
50;3;5;5
50;1;1;1
50;5;5;5
50;4;3;1
50;5;3;1
50;5;5;5
50;5;3;1
50;5;5;5
50;4;3;3
50;5;5;1
50;2;1;1
50;2;1;1
50;5;4;3
50;2;2;2
50;3;4;2
50;2;2;2
50;3;2;1
51;2;2;1
51;2;3;2
51;3;1;1
51;2;4;1
51;2;1;1
51;5;5;1
51;4;5;1
51;4;4;1
51;3;1;1
51;2;1;1
51;2;4;1
51;5;4;3
51;3;3;2
51;4;3;4
51;1;1;1
51;3;4;1
51;2;4;4
51;1;1;1
51;1;1;1
51;1;1;1
52;3;2;1
52;5;3;5
52;1;1;1
52;5;1;1
52;5;5;5
52;1;1;1
52;2;1;1
52;4;3;1
52;1;1;1
52;4;1;3
52;3;2;1
52;4;5;4
52;3;2;1
52;3;2;1
52;5;5;5
52;5;5;5
52;3;2;3
52;1;1;1
52;2;4;1
52;5;5;3
52;4;5;5
52;5;5;3
52;5;5;5
52;4;5;1
52;2;2;1
52;2;2;1
52;4;1;1
52;5;5;1
53;1;1;1
53;1;1;1
53;5;5;5
53;1;2;1
53;4;5;2
53;3;1;1
53;3;3;1
53;4;4;4
53;3;1;1
53;3;3;2
53;1;1;1
53;2;2;5
53;5;5;3
53;5;5;3
53;5;1;1
53;5;5;1
53;2;1;1
53;2;1;1
54;2;2;1
54;1;5;5
54;5;5;5
54;1;1;1
54;2;1;1
54;4;4;1
54;4;4;4
54;5;5;5
54;5;4;3
54;3;3;1
54;2;1;1
54;3;1;5
54;1;1;1
54;1;1;1
54;4;3;1
54;4;4;2
54;2;1;1
54;2;3;1
54;5;5;5
54;1;1;1
54;1;1;1
54;3;1;2
55;1;2;2
55;1;1;1
55;1;1;1
55;3;1;1
55;3;1;1
55;5;5;5
55;3;5;3
55;5;5;5
55;1;1;1
55;4;2;1
55;5;4;1
55;4;1;1
55;5;3;3
55;2;2;1
55;4;3;3
55;3;1;2
55;1;2;1
55;5;5;5
55;5;3;2
55;5;1;5
55;3;3;2
56;1;1;1
56;2;2;1
56;1;1;1
56;3;1;1
56;3;3;1
56;3;1;3
56;3;1;1
56;1;1;1
56;1;1;1
56;1;1;1
56;3;2;1
56;1;1;1
56;2;2;1
56;1;1;1
56;1;1;1
56;3;2;1
56;2;1;1
56;5;4;4
56;3;1;1
56;3;1;1
56;3;2;2
56;3;5;5
56;1;2;1
56;4;4;2
56;3;5;1
56;1;1;1
56;3;3;1
56;3;3;2
57;5;5;4
57;5;4;5
57;2;2;1
57;1;2;1
57;3;1;1
57;2;1;1
57;4;2;1
57;1;1;1
57;4;4;3
57;5;5;5
57;2;1;1
57;1;1;1
57;2;3;3
57;4;5;2
57;1;1;1
57;1;1;1
57;1;1;1
57;3;3;2
57;2;2;1
57;3;1;1
57;3;2;1
57;1;1;1
57;4;3;3
57;5;5;5
57;2;2;1
57;5;2;1
57;1;1;1
57;3;3;1
57;5;4;4
57;2;3;2
57;1;1;1
58;3;2;1
58;2;1;1
58;4;3;2
58;3;3;3
58;5;3;4
58;5;5;3
58;3;3;1
58;1;1;1
58;2;2;2
58;1;1;1
58;3;3;1
58;1;1;1
58;1;2;1
58;5;5;5
58;1;1;1
58;4;3;3
58;3;2;1
58;5;1;1
58;1;1;1
58;4;5;5
58;3;2;1
58;5;3;3
58;5;5;5
58;1;1;1
58;4;4;3
58;1;1;1
58;1;1;1
59;3;2;2
59;2;1;1
59;2;1;1
59;1;1;1
59;4;4;3
59;3;4;1
59;3;1;1
59;3;4;3
59;5;5;5
59;5;5;5
59;5;5;5
59;3;3;1
59;5;5;5
59;4;3;1
59;5;5;3
59;5;4;3
60;1;1;1
60;4;4;1
60;4;5;1
60;5;1;1
60;4;5;3
60;4;3;3
60;1;1;1
60;3;3;2
60;5;5;5
61;3;2;1
61;3;1;1
62;2;2;1
62;2;2;2
62;4;2;2
63;3;1;1
63;2;1;1
67;2;1;1
81;2;1;1
